,Unnamed: 0,file,lex_ocr,fk_ocr,flesch_ocr,lex_gold,fk_gold,flesch_gold,CER
0,0,GALE_CK2349346194.txt,0.5617685305591678,4.628641448692154,82.94425432595575,0.4469945355191256,14.9177184346542,36.174667733202085,0.48694900605012964
1,1,GALE_CK2349347998.txt,0.4826038159371493,8.833291554563953,64.28091869545246,0.35785536159601,15.745465713237994,33.33122478914561,0.21245345469590401
2,2,GALE_CK2349354090.txt,0.3954230973922299,12.930099382068844,38.573800192964086,0.3413043478260869,14.649108498934286,29.873484416280604,0.0625769894062577
3,3,GALE_CK2349354764.txt,0.4975845410628019,5.614244303520355,82.56637474563682,0.2471143756558237,8.993145594022021,57.29736416391751,0.3627394080092861
4,4,GALE_CK2349355800.txt,0.7086614173228346,4.309904076738611,76.66846648996592,0.5783132530120482,13.401155950752392,33.57350205198361,0.230804179918219
5,5,GALE_CK2349368931.txt,0.6177606177606177,8.77762184380505,66.5826629477393,0.5871212121212122,10.60690235690236,60.97469696969699,0.10735989196488858
6,6,GALE_CK2349372708.txt,0.5610169491525424,-1.4907709067973958,110.980802012557,0.3692551505546751,11.200428041793057,42.191268958544015,0.8647308781869688
7,7,GALE_CK2349381138.txt,0.6829268292682927,6.685107802078488,72.12370249728558,0.5950413223140496,10.98525810635538,45.59174837872894,0.2943058221369162
8,8,GALE_CK2349437905.txt,0.6119402985074627,9.53032761987416,59.29145313517032,0.5797101449275363,11.455744292237444,50.36677397260274,0.1510396233817183
9,9,GALE_CK2349447593.txt,0.4816753926701571,3.665543508914862,80.37831369661266,0.4938775510204081,10.468976797809486,52.54742686266033,0.524827359421243
10,10,GALE_CK2349451997.txt,0.56062424969988,9.63385151968112,68.34811160936724,0.397982062780269,12.880262008733624,43.92339806940933,0.3704924034413326
11,11,GALE_CK2349452345.txt,0.8611111111111112,4.4605322128851554,79.97584033613447,0.646551724137931,6.898282828282831,62.319646464646496,0.6523687580025608
12,12,GALE_CK2349458555.txt,0.5240601503759399,8.288686543110398,72.33892828364225,0.3575803981623277,7.996618533718397,60.87124119673712,0.2592996486126257
13,13,GALE_CK2349458714.txt,0.6901408450704225,14.003405483405489,53.16502886002888,0.4718309859154929,8.033288623944365,56.42690760059614,0.4700811359026369
14,14,GALE_CK2349459074.txt,0.4909284951974386,5.850342712842714,68.22857954545455,0.4300960512273212,10.546049372607625,54.23401060323832,0.18716385801362495
15,15,GALE_CK2349461935.txt,0.7034883720930233,11.171977900552488,45.905488950276265,0.6741573033707865,9.15353264604811,51.54478006872856,0.13745704467353953
16,16,GALE_CK2349462097.txt,0.6571428571428571,13.902637362637368,39.83236263736265,0.5608308605341247,14.94466666666667,28.25896610169491,0.16084519189305735
17,17,GALE_CK2349462249.txt,0.7241379310344828,8.84786683904331,85.59633484162899,0.5245283018867924,7.949948717948718,57.78946153846158,0.856301531213192
18,18,GALE_CK2349462253.txt,0.7581699346405228,8.34115768463074,82.83925648702596,0.4853556485355648,7.986912202380953,58.63901041666668,0.7448641484426772
19,19,GALE_CK2349163791.txt,0.5160051216389244,11.090362925739814,53.347247347850384,0.3982521847690387,11.62200741374394,45.72337824351297,0.17527638190954775
20,20,GALE_CK2349164424.txt,0.7988165680473372,19.97478260869565,30.48630434782612,0.6158536585365854,14.81531531531532,41.551058558558594,0.28703703703703703
21,21,GALE_CK2349166189.txt,0.642962962962963,20.28929512718357,48.612798038614784,0.3803131991051454,9.736021888040312,50.95399952759627,0.6843652715323417
22,22,GALE_CK2349167841.txt,0.5431255337318531,9.211053708283718,67.42239679704437,0.3407407407407407,10.34190915075708,51.989000987491806,0.2585209981740718
23,23,GALE_CK2349177498.txt,0.6866666666666666,10.593478260869563,58.42913043478264,0.5384615384615384,8.946480898876406,55.26286067415734,0.35239491691104596
24,24,GALE_CK2349177597.txt,0.6046511627906976,16.0455836483932,36.541212783553874,0.4235880398671096,13.265000000000004,44.83125000000004,0.2817723534093924
25,25,GALE_CK2349183343.txt,0.7592592592592593,8.591730418943534,79.8082058287796,0.5670103092783505,8.718797468354431,66.31406645569623,0.5661157024793388
26,26,GALE_CK2349183401.txt,0.583941605839416,16.73336477987422,35.49194968553462,0.4879807692307692,10.943454545454546,46.68918181818182,0.14609286523216308
27,27,GALE_CK2349184280.txt,0.3708585678660491,12.345530743393509,50.19426818607079,0.2504550418638515,12.988182655078116,43.45186472802104,0.10912450086417545
28,28,GALE_CK2349186198.txt,0.7710843373493976,13.68202209944752,58.850011049723776,0.5838150289017341,12.672706766917296,50.60394736842108,0.3491179201485608
29,29,GALE_CK2349187300.txt,0.772020725388601,9.205251184834124,65.13413981042655,0.7142857142857143,12.645652173913046,43.71608695652176,0.3815261044176707
30,30,GALE_CK2349188372.txt,0.703125,5.121760814249367,88.19984478371502,0.4832869080779944,7.598252667187094,60.86248276086394,0.7416829745596869
31,31,GALE_CK2349188493.txt,0.4438438438438438,16.49164122137405,32.80901717557251,0.3364312267657992,16.60272090854227,27.5293245185714,0.10024119633381573
32,32,GALE_CK2349188813.txt,0.6314432989690721,19.388682795698923,55.41489919354841,0.4586129753914988,4.6991556313536655,72.46540839018193,0.7665791201575837
33,33,GALE_CK2349189004.txt,0.7132075471698113,10.752962962962965,64.12333333333335,0.5664335664335665,8.773796970293134,62.22441274837698,0.3
34,34,GALE_CK2349189379.txt,0.4655612244897959,10.510450900062072,56.42609608938548,0.350865939704939,13.56930165899418,44.58001259445845,0.12231226364127498
35,35,GALE_CK2349190338.txt,0.6053395240858966,14.424499603044882,60.8401130154579,0.3134381701215153,12.446179710144929,41.44248840579709,0.6814609600271386
36,36,GALE_CK2349190424.txt,0.6322701688555347,17.628178243774574,35.22231651376151,0.4819734345351044,15.012265406162468,31.71409313725493,0.22891923990498814
37,37,GALE_CK2349190459.txt,0.684931506849315,9.797836644591616,67.83719094922739,0.5357142857142857,11.07539083557952,54.4856603773585,0.30477759472817134
38,38,GALE_CK2349191056.txt,0.8411214953271028,4.853157894736842,81.92043859649127,0.547945205479452,10.892566844919788,48.670187165775445,0.8416085350841198
39,39,GALE_CK2349192682.txt,0.4647544968400583,14.109904726347525,47.37102329295613,0.3275332650972364,11.613450625649737,49.726380157732336,0.12857891061452514
40,40,GALE_CK2349192782.txt,0.6826568265682657,6.826926095487249,67.71772400261611,0.6523297491039427,8.51834834834835,62.10064564564567,0.16805721096543505
41,41,GALE_CK2349194522.txt,0.4722991689750692,22.32230327501122,19.695678779721877,0.4307692307692308,15.393197863818424,35.91505260347131,0.07277987981304251
42,42,GALE_CK2349196283.txt,0.6795774647887324,11.044437710437712,49.7258787878788,0.6373626373626373,13.23208677136013,38.19672078786269,0.19732441471571907
43,43,GALE_CK2349196562.txt,0.581081081081081,9.063810225342372,60.82916173088201,0.4364019676739283,12.288439226519335,45.6360946132597,0.18456761729530818
44,44,GALE_CK2349197096.txt,0.558695652173913,8.313666666666666,62.35253107344633,0.4622144112478031,11.04054206524405,54.1476171204317,0.3020231213872832
45,45,GALE_CK2349198003.txt,0.6577540106951871,0.7902688172043,98.2287365591398,0.5027932960893855,7.592972952264194,63.83971879549463,0.4765187419215855
46,46,GALE_CK2349198227.txt,0.5918367346938775,9.030963855421684,67.65225110970198,0.4154228855721393,9.852614870509608,59.2230263157895,0.31329181876744683
47,47,GALE_CK2349199486.txt,0.6174812030075187,15.016605611619903,48.38842297147525,0.3779527559055118,14.711153846153843,36.3748987854251,0.3008609693877551
48,48,GALE_CK2349199908.txt,0.5433753943217665,14.046432432432436,51.280094594594615,0.332541567695962,14.172265626188416,36.659107227064624,0.2706017631276351
49,49,GALE_CK2349200034.txt,0.7092651757188498,14.565726495726498,54.83149572649572,0.5387096774193548,11.2173912020701,57.63779110797461,0.3561491374513077
50,50,GALE_CK2349200839.txt,0.599601593625498,7.817143343547837,66.67899387129725,0.5700934579439252,10.445791615791617,48.97828245828248,0.2671506352087114
51,51,GALE_CK2349208551.txt,0.7057416267942583,7.462026905829596,79.68345964125562,0.3965183752417795,10.12859649122807,48.08684210526317,0.6503748125937031
52,52,GALE_CK2349209497.txt,0.6008403361344538,11.642647058823531,47.9156617647059,0.592741935483871,11.183376623376628,48.46113636363637,0.11622125543816035
53,53,GALE_CK2349209505.txt,0.8061224489795918,7.284965553789082,65.15596979332275,0.6054421768707483,6.901948279640589,66.97840784571555,0.7740932642487046
54,54,GALE_CK2349210653.txt,0.6185819070904646,4.27841604077253,70.61186862929185,0.4598393574297189,11.632901845018448,48.720574907749096,0.44957587181903863
55,55,GALE_CK2349211762.txt,0.7099447513812155,8.7724368912741,83.05644007155637,0.5590551181102362,11.453167293233085,55.57757283834587,0.5845539280958721
56,56,GALE_CK2349211949.txt,0.711864406779661,9.32329230769231,61.09256923076924,0.6452991452991453,10.500514285714283,50.304400000000015,0.24932614555256064
57,57,GALE_CK2349214573.txt,0.71900826446281,49.38970802919708,-24.84773722627733,0.7025316455696202,4.071111111111112,82.06921052631581,0.746524064171123
58,58,GALE_CK2349214849.txt,0.77,24.5733257918552,13.329100678733056,0.5671641791044776,15.360634920634922,27.47992063492066,0.3619047619047619
59,59,GALE_CK2349214852.txt,0.4751131221719457,12.525960088932267,48.49952280245108,0.4113149847094801,13.364175184086164,41.92014452137602,0.08282828282828283
60,60,GALE_CK2349214993.txt,0.7336956521739131,1.4872001564158417,93.72803223283616,0.5407407407407407,11.24929411764706,43.470823529411774,0.6242796772954283
61,61,GALE_CK2349215034.txt,0.8011363636363636,23.114848484848483,35.893939393939405,0.6145833333333334,12.711613300492612,47.30302032019705,0.5012875536480687
62,62,GALE_CK2349215287.txt,0.5684007707129094,18.665948234590065,32.6477376570916,0.2905138339920948,12.958917396745935,31.831989987484377,0.27360346184107004
63,63,GALE_CK2349216721.txt,0.8086124401913876,13.636031746031748,58.837857142857175,0.3590604026845637,14.762121775505465,32.74984661863817,0.6870886075949367
64,64,GALE_CK2349217002.txt,0.7088607594936709,10.179213483146068,72.79524344569292,0.3289036544850498,11.942508308895407,48.30142913000981,0.6091188524590164
65,65,GALE_CK2349226432.txt,0.604951560818084,9.437036292124793,66.91448209975866,0.3403361344537815,14.075589941972922,34.31886363636366,0.394407997500781
66,66,GALE_CK2349230234.txt,0.4444444444444444,14.611960784313728,38.73549019607847,0.4285714285714285,12.166627906976746,44.58633720930234,0.07492507492507493
67,67,GALE_CK2349230582.txt,0.7135549872122762,31.48479350348028,16.68353132250583,0.551980198019802,12.002781774580338,48.61004196642688,0.4819326025172554
68,68,GALE_CK2349234059.txt,0.6894865525672371,11.673134920634922,53.91742063492066,0.5771144278606966,10.652494623655915,43.41907526881724,0.38231960710238005
69,69,GALE_CK2349234089.txt,0.5869218500797448,15.5328542655733,37.58697381671704,0.4890965732087227,11.446427745664742,42.57029768786131,0.22913218254906598
70,70,GALE_CK2349236666.txt,0.4299274148520379,15.267702042450942,42.042470564677615,0.362126245847176,10.318811524609846,54.88638655462185,0.12627894453419494
71,71,GALE_CK2349236954.txt,0.6898047722342733,11.038811048106826,54.53701801719407,0.5681341719077568,11.757788724685277,40.47357142857143,0.32264150943396225
72,72,GALE_CK2349236978.txt,0.725,7.715315495207669,73.18800818690096,0.5765765765765766,7.997862542955328,59.83034707903784,0.5793833410032213
73,73,GALE_CK2349237015.txt,0.6984815618221258,15.004760022586112,49.26897233201582,0.5463709677419355,11.319386682242996,42.48752482476638,0.3859915100060643
74,74,GALE_CK2349237032.txt,0.6194398682042833,14.300320114048734,38.33445988854331,0.5382165605095541,12.252428476380576,38.93793745841651,0.22777777777777777
75,75,GALE_CK2349238649.txt,0.5658682634730539,12.618402366863908,49.03967455621304,0.4855491329479768,8.716012903225806,58.009219354838734,0.17949929145016533
76,76,GALE_CK2349238896.txt,0.7938144329896907,6.76782051282051,76.17051282051284,0.7142857142857143,5.465698924731182,73.54021505376345,0.31332357247437775
77,77,GALE_CK2349239402.txt,0.7505668934240363,9.467018633540372,63.08645962732922,0.5501022494887525,11.774140554480985,40.10680303030304,0.43334364367460565
78,78,GALE_CK2349239497.txt,0.6451612903225806,14.765731279251174,57.68295095553826,0.5008077544426495,11.069207317073172,50.74487804878049,0.399895178197065
79,79,GALE_CK2349239681.txt,0.8217821782178217,21.06222222222222,44.057500000000005,0.62,12.255497287522603,45.78069620253166,0.6527012127894156
80,80,GALE_CK2349240406.txt,0.6602870813397129,10.202903469079942,53.394572021116176,0.6100917431192661,9.996524822695037,50.17333333333335,0.2111756168359942
81,81,GALE_CK2349243126.txt,0.6571428571428571,-0.4636507936507925,113.7714285714286,0.5390625,9.350417656373718,58.01073089865403,0.8968814968814969
82,82,GALE_CK2349243415.txt,0.6729559748427673,25.628867256637168,27.21446017699118,0.4647435897435897,17.158939393939395,24.25636363636366,0.5462062256809338
83,83,GALE_CK2349243493.txt,0.7795275590551181,8.497673378076062,76.58889821029082,0.5964912280701754,12.634562569213736,35.98116279069768,0.6391076115485564
84,84,GALE_CK2349244040.txt,0.5634807417974322,10.5047270170055,56.57902186421174,0.491778774289985,11.004356729975225,49.96439884393064,0.1848119931187024
85,85,GALE_CK2349244062.txt,0.5841584158415841,10.7584355179704,51.34124735729387,0.4559471365638766,9.104045691471663,54.25261894199846,0.28196327441221897
86,86,GALE_CK2349249911.txt,0.599802371541502,7.558267593091944,67.91121016392209,0.3885658914728682,15.40658824012483,27.61234386548415,0.3742047426257953
87,87,GALE_CK2349250123.txt,0.7857142857142857,3.629999999999999,81.18315789473688,0.575,6.696186252771618,72.54007760532154,0.42452830188679247
88,88,GALE_CK2349251810.txt,0.5705368289637952,13.79346004716793,40.67025062957191,0.4558441558441558,12.099500000000004,42.50350000000003,0.1522326064382139
89,89,GALE_CK2349254808.txt,0.7307692307692307,1.382761904761903,103.464,0.5826446280991735,9.72779220779221,47.07538961038964,0.8224465558194775
90,90,GALE_CK2349255783.txt,0.5980284775465499,11.242809843400448,73.8877729306488,0.4872068230277185,9.448547706472295,52.07162848687457,0.700497512437811
91,91,GALE_CK2349256132.txt,0.7028985507246377,8.88038438071995,77.70417022574742,0.5142857142857142,10.49625,51.32703919491527,0.5256111757857974
92,92,GALE_CK2349260679.txt,0.6567901234567901,7.001342167855931,72.47031770302414,0.5512048192771084,11.962947976878612,40.4235701247338,0.31157407407407406
93,93,GALE_CK2349264346.txt,0.7272727272727273,7.951986249045074,75.0362757830405,0.6311111111111111,9.410782312925171,62.49249149659866,0.46282798833819244
94,94,GALE_CK2349265163.txt,0.6933962264150944,-2.53871693121693,119.03318452380954,0.5070028011204482,11.646133578431378,50.178253676470575,0.786470317533364
95,95,GALE_CK2349266960.txt,0.6901408450704225,14.058244216913163,49.9228517254456,0.5608108108108109,11.342373673036096,49.52715711252657,0.28337874659400547
96,96,GALE_CK2349267610.txt,0.7052896725440806,27.58619047619048,16.942142857142898,0.5196850393700787,10.19804713804714,53.41643939393941,0.33134836239897913
97,97,GALE_CK2349268278.txt,0.6888888888888889,13.350000000000003,71.14500000000001,0.5333333333333333,8.769813250333485,54.93578479324145,0.8080040526849037
98,98,GALE_CK2349271545.txt,0.6288032454361054,6.713545787545787,78.04112087912091,0.5155925155925156,15.8802766798419,18.816067193675902,0.5561342592592593
99,99,GALE_CK2349276897.txt,0.6680327868852459,4.446555944055945,93.73872814685318,0.4318658280922431,10.39407076545805,47.426731476615885,0.8146944083224967
100,100,GALE_CK2349277040.txt,0.6378923766816144,7.100601308047338,76.70342673403766,0.4788732394366197,13.501805273833671,42.002251521298206,0.7671287128712871
101,101,GALE_CK2349277204.txt,0.7063197026022305,5.414996320824137,70.57988042678443,0.6138211382113821,9.519108778943863,46.21350824587708,0.2172029702970297
102,102,GALE_CK2349286415.txt,0.4840579710144927,16.114436065024297,32.471647812971355,0.3767572633552015,13.436107623318389,36.85233856502242,0.14984181765890134
103,103,GALE_CK2349287956.txt,0.6271186440677966,1.6318547510328365,99.20898782343988,0.4025695931477516,5.498454885460497,65.78765778401123,0.5485110470701249
104,104,GALE_CK2349290849.txt,0.6892655367231638,7.498439716312056,68.08333333333334,0.6436781609195402,6.375118898623281,68.26029411764709,0.10724365004703669
105,105,GALE_CK2349291063.txt,0.6606786427145709,12.209336315280469,35.14549715909092,0.4303030303030303,17.168882882882887,9.919297297297334,0.4293573943661972
106,106,GALE_CK2349291125.txt,0.6239067055393586,12.405068702290077,73.30427862595421,0.4242002781641168,11.30534093889326,45.028560188827726,0.8238884045335658
107,107,GALE_CK2349298293.txt,0.7138211382113822,7.551884057971019,67.1303623188406,0.525305410122164,12.447750067769045,38.62817023583631,0.27232142857142855
108,108,GALE_CK2349304248.txt,0.6779964221824687,13.896369810155884,41.19820304059272,0.4940239043824701,16.864017208413,18.85718594646275,0.6423357664233577
109,109,GALE_CK2349307453.txt,0.7688442211055276,2.733881046489742,92.6304799548278,0.4459459459459459,14.743809523809528,37.3425,0.7315091919623771
110,110,GALE_CK2349313872.txt,0.6194225721784777,10.090071684587816,45.05451612903229,0.5452380952380952,11.20352777777778,38.777562500000016,0.21234991423670668
111,111,GALE_CK2349317936.txt,0.512118018967334,11.823701931811303,45.5622933446376,0.44,11.15051213328504,46.32356863455272,0.11386138613861387
112,112,GALE_CK2349320920.txt,0.5959885386819485,13.585555555555556,72.87500000000001,0.3025830258302583,16.764045335658242,26.470040265222792,0.8755530973451328
113,113,GALE_CK2349324946.txt,0.628032345013477,5.931334554614153,77.21559216853679,0.4937238493723849,9.008824585015702,52.75620292318956,0.34230427046263345
114,114,GALE_CK2349325937.txt,0.608793686583991,19.140721293095392,33.43578786321595,0.4113166485310119,12.3844474425856,39.153378305450616,0.24976076555023924
115,115,GALE_CK2349325944.txt,0.7137096774193549,27.787645914396887,5.668720817120658,0.5083056478405316,14.177982961663744,33.7819969932348,0.34427911749615187
116,116,GALE_CK2349327262.txt,0.7244318181818182,7.420312499999998,78.33010416666669,0.5162907268170426,9.705985907489488,59.58237867939541,0.4476969436074042
117,117,GALE_CK2349327283.txt,0.6573275862068966,7.642252747252751,65.66846153846154,0.525691699604743,11.714347379239468,45.0206474820144,0.31722054380664655
118,118,GALE_CK2349327391.txt,0.7021276595744681,6.902910918868368,88.83340659340661,0.4967320261437908,8.538994152046786,63.07323684210526,0.6087414428646656
119,119,GALE_CK2349327475.txt,0.6697459584295612,11.712649572649578,55.533461538461566,0.5639810426540285,12.59676572668113,44.1520482646421,0.26125137211855104
120,120,GALE_CK2349328782.txt,0.5688729874776386,1.3841550279329624,104.2629277234637,0.5247349823321554,13.347896089295755,47.635390668915136,0.7480011844832691
121,121,GALE_CK2349328952.txt,0.7410468319559229,3.314317996591836,92.48693635622732,0.6585956416464891,13.491834451901564,38.54907806428824,0.6155247813411079
122,122,GALE_CK2349329248.txt,0.6239717978848414,11.097897091722595,57.9466163310962,0.3896424167694204,13.938401714983392,30.945530821431618,0.43603801169590645
123,123,GALE_CK2349329552.txt,0.6184092940125112,6.410731288981292,80.23844542619544,0.453650533223954,12.87759116101634,41.9910421075362,0.5634101138469685
124,124,GALE_CK2349329743.txt,0.499271137026239,0.0841411912334244,101.17096547024084,0.3868471953578336,17.68721461548608,21.148221606648207,0.8251134201668374
125,125,GALE_CK2349332806.txt,0.481860465116279,12.551924246827472,48.64259207594691,0.2936732766761095,12.721479862896311,37.10404691516712,0.20352762849662395
126,126,GALE_CK2349335905.txt,0.5801526717557252,9.749623355559564,64.6445674896378,0.4728571428571428,8.865012635942868,64.06323025811399,0.27825702278257025
127,127,GALE_CK2349339276.txt,0.510230179028133,16.544537263203605,35.97865657059114,0.4567126725219573,15.81614163614164,35.51524725274729,0.1500485908649174
128,128,GALE_CK2349000096.txt,0.4204946996466431,7.783384521694366,63.78798416006933,0.3490708186840783,11.548521897979434,47.01800303224192,0.1655960028551035
129,129,GALE_CK2349000265.txt,0.8,13.600858585858584,39.85920454545456,0.6245059288537549,14.196832718327189,31.882658364083653,0.4349570200573066
130,130,GALE_CK2349002724.txt,0.6683333333333333,11.591322584414064,52.09814172216383,0.5353356890459364,12.642245740836348,43.60901652039237,0.20439623180131317
131,131,GALE_CK2349004027.txt,0.614307931570762,13.913764044943822,59.36578356002366,0.3584905660377358,16.044089244089246,25.596930569430583,0.495253164556962
132,132,GALE_CK2349004154.txt,0.6532258064516129,7.139953161592505,63.08112751140146,0.5738095238095238,11.319692561983471,47.00030247933887,0.305125558995528
133,133,GALE_CK2349005650.txt,0.490234375,16.071153846153845,35.3963461538462,0.4093457943925234,15.415942028985508,34.20092677345542,0.14029850746268657
134,134,GALE_CK2349012763.txt,0.5771065182829889,13.582250000000002,48.73908333333336,0.3823109843081312,10.252973578524628,50.90226886493343,0.31808460076045625
135,135,GALE_CK2349013318.txt,0.6818181818181818,20.46176315789474,49.858217105263165,0.5086042065009561,11.609519419237747,49.50360145190564,0.6486238532110091
136,136,GALE_CK2349013451.txt,0.7603911980440098,19.163488372093024,31.174651162790724,0.6411483253588517,14.491592920353984,31.83116208663253,0.4609704641350211
137,137,GALE_CK2349013669.txt,0.5620272314674736,8.985250116877047,73.4081116360326,0.3685410334346504,9.152072336265888,53.53401759530792,0.42734733285059134
138,138,GALE_CK2349015046.txt,0.7489711934156379,7.996349206349208,70.70000000000003,0.4640883977900552,10.44077785731329,49.81137616320689,0.578719723183391
139,139,GALE_CK2349017179.txt,0.4049586776859504,11.837394317394317,46.68378898128901,0.3524663677130045,12.52972525653757,41.99924031777559,0.1
140,140,GALE_CK2349020262.txt,0.6137026239067055,19.284722222222225,38.852500000000006,0.4173789173789173,14.445165692007798,37.208937621832405,0.2668507016333103
141,141,GALE_CK2349074564.txt,0.5176758837941897,10.047167008265353,57.51596973837562,0.3459534560611323,13.69195108077361,38.63631541524461,0.24175459919341472
142,142,GALE_CK2349107495.txt,0.565015479876161,8.60157337427177,65.98953117619273,0.3763779527559055,9.89544544629094,56.2349013873345,0.20628734736295143
143,143,GALE_CK2349110739.txt,0.615257048092869,5.754199276660909,77.55778729920826,0.4701086956521739,10.76085330776606,54.29872483221479,0.38100848256361924
144,144,GALE_CK2349112502.txt,0.4895199459093982,6.172658936018717,70.79017699115045,0.3596784996651038,9.84232960837612,56.63895122319545,0.36537011097942035
145,145,GALE_CK2349115771.txt,0.7046632124352331,8.727577276524645,83.01280284043442,0.4778156996587031,12.282761664564948,47.10678436317784,0.859883236030025
146,146,GALE_CK2349123415.txt,0.7659574468085106,7.294558882235531,61.79574451097807,0.5668202764976958,18.56714859437751,32.88599397590363,0.4807073954983923
147,147,GALE_CK2349128585.txt,0.784375,9.608955457150302,53.28870995050795,0.6195965417867435,14.65545219638243,26.74273255813955,0.45042492917847027
148,148,GALE_CK2349129732.txt,0.7579250720461095,6.863818386914833,83.269554427524,0.5324881141045958,10.268765655811972,59.57825347758889,0.7198421645997746
149,149,GALE_CK2349132688.txt,0.6474694589877836,6.513978750993434,75.22907976743215,0.4838709677419355,8.518456133306568,63.45175667536641,0.2810297272448667
150,150,GALE_CK2349132747.txt,0.6714060031595577,11.22305136298422,62.25731649928264,0.4267782426778242,14.98435483870968,40.62403225806452,0.3912248628884826
151,151,GALE_CK2349137560.txt,0.7317784256559767,5.684717574188777,76.29260053619304,0.5813333333333334,7.162108108108111,62.19402702702703,0.33986371379897784
152,152,GALE_CK2349142055.txt,0.4365994236311239,11.11621394840573,48.24183526519147,0.4043909348441926,13.046281837160752,42.46771242171192,0.06270170585523283
153,153,GALE_CK2349142829.txt,0.575503355704698,9.82750285714286,62.76083000000001,0.4232715008431703,9.66404457050243,52.1439410453809,0.2263420033204206
154,154,GALE_CK2349160628.txt,0.6230031948881789,14.2506130595951,47.26839321357288,0.5048231511254019,13.987037037037036,40.93666666666667,0.24800598205383848
155,155,GALE_CK2349162508.txt,0.7525773195876289,5.198594377510041,81.43814257028116,0.6070175438596491,8.319975728155338,57.421243932038834,0.38686923494302766
156,156,GALE_CK2349474903.txt,0.5954088952654233,15.231141610809662,33.39774417491228,0.4718217562254259,20.930960542540078,14.314727805178848,0.2356601205522069
157,157,GALE_CK2349477918.txt,0.5511182108626198,10.489092684392368,45.66506834910624,0.4462279293739968,12.50752235614308,39.73844406104203,0.0785879927853646
158,158,GALE_CK2349478001.txt,0.7027027027027027,19.035872059667245,41.34888195639704,0.463884430176565,12.41914285714286,48.75885714285715,0.4807543270472746
159,159,GALE_CK2349494187.txt,0.5896296296296296,7.89835813630042,69.16200226008345,0.4674220963172804,9.480188933873148,60.4279251012146,0.24598802395209582
160,160,GALE_CK2349495158.txt,0.4129993229519296,10.91061877846175,45.13068079361085,0.3246661981728742,13.518643831582049,35.44992270413263,0.09740119112073634
161,161,GALE_CK2349502265.txt,0.6808873720136519,8.502990541213286,60.09939300192022,0.5338461538461539,16.333417784401394,34.836952309985094,0.4150813660325464
162,162,GALE_CK2349499132.txt,0.6607538802660754,5.786529759832927,79.06642272885489,0.546485260770975,10.55966628959276,55.12123868778281,0.520109066121336
163,163,GALE_CK2349506425.txt,0.708029197080292,10.727173202614376,50.84665441176472,0.6802721088435374,10.1871377245509,50.57312275449104,0.21525096525096524
164,164,GALE_CK2349509394.txt,0.6472491909385113,7.3039907030318,73.05024805627545,0.4021244309559939,11.618133874239351,46.75907707910753,0.40095923261390887
165,165,GALE_CK2349510227.txt,0.6567164179104478,10.272214452214453,64.80870629370631,0.5166931637519873,13.454981341401918,36.26118179525972,0.5113362276893392
166,166,GALE_CK2349511242.txt,0.5675675675675675,7.733825747944742,67.28209424527503,0.3958165728077232,10.156228438228435,55.22603496503501,0.18981225842076202
167,167,GALE_CK2349511521.txt,0.8059701492537313,3.871607142857144,86.84125000000002,0.5643564356435643,12.239905331340314,49.66403089187844,0.6580188679245284
168,168,GALE_CK2349512948.txt,0.7260869565217392,11.865677530017155,51.17291595197258,0.6638655462184874,14.781590727418068,41.88781374900083,0.21916167664670658
169,169,GALE_CK2349514601.txt,0.57421875,17.588969159273343,18.91132657372202,0.3067092651757188,17.432345679012347,16.235555555555578,0.31056760498384867
170,170,GALE_CK2349517784.txt,0.7162162162162162,9.028237767584098,65.27075401376148,0.4696261682242991,12.301784253578736,41.69425230061353,0.5880927656628592
171,171,GALE_CK2349517791.txt,0.6771488469601677,8.79714225411566,70.26743773744198,0.4595588235294117,14.850467103955475,41.678906281057465,0.4635102533172497
172,172,GALE_CK2349518489.txt,0.5582551076753175,12.71150988643748,51.715539538014056,0.3396842678279804,14.997952999381573,35.76092145949292,0.27106037017816986
173,173,GALE_CK2349518526.txt,0.6433734939759036,6.859912023460414,70.14309384164224,0.461038961038961,11.694257388701832,48.98309764309769,0.3492938339648639
174,174,GALE_CK2349519295.txt,0.6474820143884892,10.648755398508053,45.59213879073423,0.6014234875444839,14.601467331118496,33.25515088593576,0.18686052773290254
175,175,GALE_CK2349522231.txt,0.7221006564551422,10.369222840651414,71.90780818387962,0.4101838755304102,11.232380254154451,53.07152492668624,0.6460867569428506
176,176,GALE_CK2349522719.txt,0.7243816254416962,10.806583416583418,58.08471028971032,0.5034013605442177,13.117474249888044,39.967061128526666,0.3793103448275862
177,177,GALE_CK2349523200.txt,0.5649867374005305,10.032587064676624,59.30152788688139,0.5207756232686981,10.56653746770026,54.12384332925339,0.15869017632241814
178,178,GALE_CK2349525568.txt,0.7982456140350878,9.86949466192171,72.33769928825625,0.5096774193548387,19.22699145299145,18.94345299145303,0.6874088478366553
179,179,GALE_CK2349526232.txt,0.7037037037037037,8.99886240520043,67.88932286023838,0.6171003717472119,9.811693414499173,61.2727808522413,0.2319026265214606
180,180,GALE_CK2349532949.txt,0.701530612244898,15.686652990714752,48.020960915569006,0.4835164835164835,10.111398068458051,49.64384206031144,0.4231292517006803
181,181,GALE_CK2349533139.txt,0.6405090137857901,7.494057211925867,65.1903273569702,0.4881565396498455,15.320593669803252,34.159634730538954,0.3627241322585952
182,182,GALE_CK2349543544.txt,0.6356164383561644,8.894205526770296,58.7886550086356,0.5875,9.489296740994856,59.97412521440825,0.21550646102542725
183,183,GALE_CK2349549783.txt,0.5994550408719346,12.626182795698927,44.283024193548414,0.5764411027568922,12.090330969267145,46.43789473684214,0.14463452566096424
184,184,GALE_CK2349566695.txt,0.5774647887323944,12.138951604889195,48.94038904899139,0.3703951774949766,10.607637540453076,48.35607605177998,0.3127025931928687
185,185,GALE_CK2349567370.txt,0.6928571428571428,8.586829305598044,62.00989025695931,0.505800464037123,17.25699638467101,23.874506146059304,0.3793220338983051
186,186,GALE_CK2349574679.txt,0.6741214057507987,5.783209876543207,76.67694444444449,0.5472312703583062,13.190079365079368,45.36839285714291,0.3187399893219434
